Model,MSE,RMSE,MAE,R2
Linear,0.0010537559788290616,0.03246160776716184,0.026348830574829275,0.04247104250852152
Polynomial,0.001026542303432245,0.032039698866129264,0.025909164317365684,0.06719961606421432
GAM,0.0009341036045556155,0.03056310855517834,0.024436036180811364,0.15119698618169009
RandomForest,0.0006491077247129699,0.02547759260041988,0.020166501164528623,0.41016757633514644
NeuralNet,0.0009623062633808227,0.0310210616095069,0.024781416129785516,0.12556974131101672
